{
  "mlp": {
    "val_rel_mse": 1.1312009519315325e-05,
    "val_mae_bp": 6.573143764398992,
    "val_maxae_bp": 175.16463994979858,
    "n_params": 211248,
    "latency_ms": 0.051799999937429675,
    "epochs": 25,
    "wall_time_s": 7.004811600000039
  },
  "transformer": {
    "val_rel_mse": 1.6883755961316638e-05,
    "val_mae_bp": 8.553945226594806,
    "val_maxae_bp": 296.08190059661865,
    "n_params": 70465,
    "latency_ms": 0.42965000011463417,
    "epochs": 25,
    "wall_time_s": 112.48655869999993
  }
}